22620;"GL2_fla.fadeouut_13"
22619;"GL2_fla.gachastargo_15"
22612;"GL2_fla.frameborder_12"
22610;"GL2_fla.adloadd_10"
22603;"GL2_fla.clickcircleani_8"
22601;"GL2_fla.fadebegin_4"
22588;"GL2_fla.lunimeintroanim_2"
22581;"tapcircleaa"
22580;"stars"
22579;"cloud"
22578;"chara"
22577;"GL2_fla.charactery_110"
22576;"GL2_fla.head_325"
22575;"GL2_fla.headhead_326"
22574;"GL2_fla.ahoge_411"
22573;"GL2_fla.ahogeahoge_412"
22572;"GL2_fla.ahogec4_417"
22415;"GL2_fla.ahogec3_416"
22258;"GL2_fla.c5ahogeos_415"
22245;"GL2_fla.ahogec2_414"
22138;"GL2_fla.ahogec1_413"
21980;"GL2_fla.hatc4_410"
21803;"GL2_fla.hatc3_409"
21626;"GL2_fla.hatc5_408"
21599;"GL2_fla.hatc2_407"
21431;"GL2_fla.hatc1_406"
21255;"GL2_fla.eyebrowc2_404"
21152;"GL2_fla.eyebrowc1_403"
21066;"GL2_fla.fronthair_395"
21065;"GL2_fla.fronthairhair_396"
21064;"GL2_fla.fronthairc4_401"
20632;"GL2_fla.fronthairc3_400"
20200;"GL2_fla.fronthairc5_399"
20185;"GL2_fla.fronthairc2_398"
19753;"GL2_fla.fronthairc1_397"
19320;"GL2_fla.glassesc4_394"
19217;"GL2_fla.glassesc3_393"
19119;"GL2_fla.glassesc5_392"
19096;"GL2_fla.glassesc2_391"
18998;"GL2_fla.glassesc1_390"
18892;"GL2_fla.highlightsall_388"
18849;"GL2_fla.eyestyle_382"
18848;"GL2_fla.eyelashc2_386"
18705;"GL2_fla.eyelashc1_385"
18564;"GL2_fla.eyelashc3_384"
18420;"GL2_fla.eyelashc5_383"
18318;"GL2_fla.eyeshapec4_381"
18312;"GL2_fla.pupilc1_380"
18272;"GL2_fla.pupilc2_379"
18174;"GL2_fla.eyeshapec3_377"
18137;"GL2_fla.eyeshapec2_376"
18128;"GL2_fla.eyeshapec1_375"
18123;"GL2_fla.allslera_373"
18012;"GL2_fla.rearhair_364"
18011;"GL2_fla.rearhairc4_371"
17777;"GL2_fla.rearhairc3_370"
17507;"GL2_fla.highlightshair_368"
17436;"GL2_fla.rearhairc2_366"
17203;"GL2_fla.rearhairc1_365"
16968;"GL2_fla.nosec2_363"
16947;"GL2_fla.nosec1_362"
16932;"GL2_fla.mouthc4_360"
16630;"GL2_fla.mouthc3_359"
16513;"GL2_fla.mouthc5_358"
16503;"GL2_fla.mouthc2_357"
16364;"GL2_fla.mouthc1_356"
16182;"GL2_fla.accc4_354"
16076;"GL2_fla.accc3_353"
15962;"GL2_fla.accc5_352"
15959;"GL2_fla.accc2_351"
15861;"GL2_fla.accc1_350"
15667;"GL2_fla.headskin_345"
15666;"GL2_fla.headshapec3_348"
15617;"GL2_fla.headshapec2_347"
15573;"GL2_fla.headshapec1_346"
15529;"GL2_fla.sidehair_338"
15527;"GL2_fla.sidehairc4_344"
15410;"GL2_fla.sidehairc3_343"
15295;"GL2_fla.sidehairc5_342"
15264;"GL2_fla.sidehairc2_341"
15147;"GL2_fla.sidehairc1_340"
15029;"GL2_fla.otheraccc4_337"
14579;"GL2_fla.otheraccc3_336"
14163;"GL2_fla.otheraccc5_335"
14071;"GL2_fla.otheraccc2_334"
13680;"GL2_fla.otheraccc1_333"
13240;"GL2_fla.earc3_331"
13078;"GL2_fla.c3earchase_330"
13021;"GL2_fla.earc2_329"
12877;"GL2_fla.earc1_328"
12712;"GL2_fla.scarfc4_324"
12445;"GL2_fla.scarfc3_323"
12201;"GL2_fla.scarfc5_322"
12182;"GL2_fla.scarfc2_321"
11955;"GL2_fla.scarfc1_320"
11692;"GL2_fla.jacketlenc4_316"
11680;"GL2_fla.jacketlenc3_315"
11668;"GL2_fla.jacketlenc5_314"
11666;"GL2_fla.jacketlenc2_313"
11654;"GL2_fla.jacketlenc1_312"
11641;"GL2_fla.shirtlenc4_310"
11617;"GL2_fla.shirtlenc3_309"
11593;"GL2_fla.shirtlenc5_308"
11589;"GL2_fla.shirtlenc2_307"
11572;"GL2_fla.shirtlenc1_306"
11549;"GL2_fla.beltbelt_299"
11548;"GL2_fla.skirtc4_304"
11239;"GL2_fla.skirtc3_303"
10930;"GL2_fla.skirtc5_302"
10887;"GL2_fla.skirtc2_301"
10595;"GL2_fla.skirtc1_300"
10284;"GL2_fla.jacketc4_296"
10177;"GL2_fla.jacketc3_295"
10074;"GL2_fla.jacketc5_294"
10069;"GL2_fla.jacketc2_293"
9966;"GL2_fla.jacketc1_292"
9856;"GL2_fla.alllogoshirt_289"
9801;"GL2_fla.shirtc4_287"
9632;"GL2_fla.shirtc3_286"
9472;"GL2_fla.shirtc5_285"
9459;"GL2_fla.shirtc2_284"
9299;"GL2_fla.shirtc1_283"
9134;"GL2_fla.pantsbodyc4_281"
9132;"GL2_fla.pantsbodyc3_280"
9129;"GL2_fla.pantsbodyc1_278"
9126;"GL2_fla.bodyskinc3_276"
9124;"GL2_fla.bodyskinc2_275"
9122;"GL2_fla.bodyskinc1_274"
9119;"GL2_fla.foodmid_243"
9117;"GL2_fla.kneec4_270"
9027;"GL2_fla.kneec3_269"
8937;"GL2_fla.kneec2_268"
8867;"GL2_fla.kneec1_267"
8781;"GL2_fla.shoe_260"
8780;"GL2_fla.shoec4_265"
8658;"GL2_fla.shoec3_264"
8539;"GL2_fla.shoec5_263"
8514;"GL2_fla.shoec2_262"
8402;"GL2_fla.shoec1_261"
8284;"GL2_fla.pantslegc4_259"
8255;"GL2_fla.pantslegc3_258"
8225;"GL2_fla.pantslegc5_257"
8222;"GL2_fla.pantslegc2_256"
8201;"GL2_fla.pantslegc1_255"
8173;"GL2_fla.sockc4_253"
8131;"GL2_fla.sockc3_252"
8093;"GL2_fla.sockc5_251"
8092;"GL2_fla.sockc2_250"
8006;"GL2_fla.sockc1_249"
7985;"GL2_fla.skinsoutlininf_247"
7983;"GL2_fla.skinlegc2_246"
7981;"GL2_fla.skkninofot_245"
7976;"GL2_fla.thighaccc4_241"
7941;"GL2_fla.thighaccc3_240"
7906;"GL2_fla.thighaccc2_239"
7872;"GL2_fla.thighaccc1_238"
7836;"GL2_fla.thightpantsc4_236"
7802;"GL2_fla.thightpantsc3_235"
7772;"GL2_fla.thightpantsc5_234"
7769;"GL2_fla.thightpantsc2_233"
7747;"GL2_fla.thightpantsc1_232"
7713;"GL2_fla.sockthighc4_230"
7692;"GL2_fla.sockthighc3_229"
7687;"GL2_fla.sockthighc5_228"
7684;"GL2_fla.sockthighc2_227"
7642;"GL2_fla.sockthighc1_226"
7632;"GL2_fla.skksiniout_224"
7630;"GL2_fla.thighskinshade_223"
7628;"GL2_fla.skknihthigh_222"
7625;"GL2_fla.handmid_182"
7623;"GL2_fla.sleevec4_218"
7528;"GL2_fla.sleevec3_217"
7437;"GL2_fla.sleevec5_216"
7428;"GL2_fla.sleevec2_215"
7353;"GL2_fla.sleevec1_214"
7265;"GL2_fla.wristc4_212"
7190;"GL2_fla.wristc3_211"
7123;"GL2_fla.wristc5_210"
7115;"GL2_fla.wristc2_209"
7051;"GL2_fla.wristc1_208"
6974;"GL2_fla.glovepartsc4_206"
6853;"GL2_fla.glovepartsc3_205"
6796;"GL2_fla.glovepartsc2_204"
6744;"GL2_fla.glovepartsc1_203"
6603;"GL2_fla.armglovec4_197"
6599;"GL2_fla.armglovec3_196"
6591;"GL2_fla.armglovec1_194"
6580;"GL2_fla.propc4_188"
6104;"GL2_fla.propc3_187"
5633;"GL2_fla.propc5_186"
5480;"GL2_fla.propc2_185"
5046;"GL2_fla.propc1_184"
4566;"GL2_fla.shoulderc4_180"
4532;"GL2_fla.shoulderc3_179"
4497;"GL2_fla.shoulderc5_178"
4492;"GL2_fla.shoulderc2_177"
4463;"GL2_fla.shoulderc1_176"
4428;"GL2_fla.shouldsleevec4_174"
4340;"GL2_fla.shouldsleevec3_173"
4254;"GL2_fla.shouldsleevec5_172"
4248;"GL2_fla.shouldsleevec2_171"
4202;"GL2_fla.shouldsleevec1_170"
4116;"GL2_fla.shouldskin3_168"
4114;"GL2_fla.shouldskin2_167"
4112;"GL2_fla.shouldskin1_166"
4108;"GL2_fla.wing_156"
4107;"GL2_fla.wingwing_157"
4106;"GL2_fla.wingsc4_162"
3932;"GL2_fla.wingsc3_161"
3758;"GL2_fla.wingsc5_160"
3744;"GL2_fla.wingsc2_159"
3605;"GL2_fla.wingsc1_158"
3428;"GL2_fla.tailinside_147"
3427;"GL2_fla.tailtail_148"
3426;"GL2_fla.tailc4_153"
3195;"GL2_fla.tailc3_152"
2967;"GL2_fla.tailc5_151"
2954;"GL2_fla.tailc2_150"
2742;"GL2_fla.tailc1_149"
2510;"GL2_fla.capeinside_138"
2508;"GL2_fla.capec4_144"
2404;"GL2_fla.capec3_143"
2300;"GL2_fla.capec5_142"
2278;"GL2_fla.capec2_141"
2199;"GL2_fla.capec1_140"
2094;"GL2_fla.backhair_120"
2093;"GL2_fla.nkhairr_121"
2092;"GL2_fla.backlowerhair_129"
2090;"GL2_fla.backhairc4_135"
1916;"GL2_fla.backhairc3_134"
1742;"GL2_fla.backhairc5_133"
1697;"GL2_fla.backhairc2_132"
1523;"GL2_fla.backhairc1_131"
1349;"GL2_fla.ponytail_122"
1348;"GL2_fla.pontailtail_123"
1347;"GL2_fla.ponytailc4_128"
1135;"GL2_fla.ponytailc3_127"
923;"GL2_fla.ponytailc5_126"
825;"GL2_fla.ponytailc2_125"
615;"GL2_fla.ponytailc1_124"
403;"GL2_fla.shadow_118"
402;"GL2_fla.shadowall_119"
391;"GL2_fla.fxc4_117"
358;"GL2_fla.fxc3_116"
308;"GL2_fla.fxcc5_115"
303;"GL2_fla.fxc2_114"
249;"GL2_fla.fxc1_113"
191;"gemgem"
190;"emotea"
121;"chata"
120;"GL2_fla.buulchat1_805"
119;"GL2_fla.bubbleoutlin_808"
87;"GL2_fla.bubbllegrad_807"
56;"GL2_fla.bubblefill_806"
26;"covergacha"
25;"custbg"
24;"rawree"
23;"gachabgs"
22;"gachagoo"
21;"gacharesultsbit"
20;"getgemsxx"
19;"starsall"
18;"bgm_2"
17;"bgm_6"
16;"bgm_5"
15;"bgm_3"
14;"lucky5"
13;"lucky6"
12;"shinefx"
11;"bgm_4"
10;"bgm_1"
9;"reveal_gacha"
8;"star_5"
7;"star_6"
6;"star_normal"
5;"ui_06"
4;"ui_07"
3;"uisound"
2;"Font3"
1;"Font6"
0;"GL2_fla.MainTimeline"
23230;"GL2_fla.comingsoonx_91"
23229;"GL2_fla.comingsooons_93"
23223;"GL2_fla.termconditions_89"
23222;"GL2_fla.agreetocontine_90"
23207;"GL2_fla.optionsopen_65"
23206;"GL2_fla.optionspage_68"
23150;"GL2_fla.optionsin_71"
23149;"GL2_fla.languagepick_81"
23114;"GL2_fla.deletleall_80"
23098;"GL2_fla.optionstranslat_77"
22745;"GL2_fla.selectionopt_74"
22709;"GL2_fla.titlescreen_16"
25494;"GL2_fla.tutorialguide_666"
25488;"GL2_fla.bubbletalks_669"
25471;"GL2_fla.charlottehops_668"
25465;"GL2_fla.typenameplace_662"
25464;"GL2_fla.swearworddetect_664"
25457;"GL2_fla.extendeelength_663"
25437;"GL2_fla.blockercust_661"
25435;"GL2_fla.artcontestshow_649"
25434;"GL2_fla.linkgoart_660"
25429;"GL2_fla.galleryview_654"
25426;"GL2_fla.socialmedias_659"
25415;"GL2_fla.largeversional_656"
25291;"GL2_fla.blockerswitch_653"
25285;"GL2_fla.thumbnailcont_651"
25096;"GL2_fla.watchvideox_646"
25088;"GL2_fla.playvidieobt_647"
25076;"GL2_fla.othercolorbox_644"
25075;"GL2_fla.sidecolorpicker_645"
25067;"GL2_fla.bghomeopen_636"
25066;"GL2_fla.selelctjebg_643"
25053;"GL2_fla.themebtsass_640"
24875;"GL2_fla.receiveitems_630"
24873;"GL2_fla.playanigetitem_634"
24858;"GL2_fla.slotsopen_625"
24857;"GL2_fla.switchmodebt_629"
24849;"GL2_fla.addiitonal_628"
24831;"GL2_fla.customizer_468"
24817;"GL2_fla.mousecolorchange_621"
24815;"GL2_fla.colorpiicck_619"
24809;"GL2_fla.palletestylex_616"
24802;"GL2_fla.selelctcols_614"
24785;"GL2_fla.colorpicker_594"
24784;"GL2_fla.selectvaofor_608"
24777;"GL2_fla.copiedani_605"
24756;"GL2_fla.brightnessbars_599"
24744;"GL2_fla.blockblocker_593"
24733;"GL2_fla.adjustsellx_590"
24691;"GL2_fla.controlkeys_578"
24683;"GL2_fla.assetspagesel_577"
24678;"GL2_fla.custpagiejvc_574"
24663;"GL2_fla.fontcharchoice_571"
24652;"GL2_fla.typechoicesfir_570"
24644;"GL2_fla.profileselx_569"
24643;"GL2_fla.fontonest_568"
24604;"GL2_fla.assetsselx_562"
24591;"GL2_fla.allcollorsin_559"
24586;"GL2_fla.itemnamexlang_558"
24509;"GL2_fla.longboxsix_555"
24500;"GL2_fla.allitemsthyumb_557"
24495;"GL2_fla.tintselall_554"
24475;"GL2_fla.custimportexpo_544"
24468;"GL2_fla.copytoclip_547"
24467;"GL2_fla.copyyfe_550"
24462;"GL2_fla.coppiedix_548"
24454;"GL2_fla.exporotbutoons_546"
24434;"GL2_fla.poselcesel2_542"
24430;"GL2_fla.hideiexs_540"
24422;"GL2_fla.animamode_538"
24389;"GL2_fla.topaniaan_530"
24374;"GL2_fla.headpose_527"
24326;"GL2_fla.selecitionsef_511"
24317;"GL2_fla.earcollrors_508"
24295;"GL2_fla.bigbosoxes_504"
24271;"GL2_fla.earbtsa_498"
24263;"GL2_fla.presetpagetypes_495"
24239;"GL2_fla.conformresetal_494"
24222;"GL2_fla.preessetsel_491"
24219;"GL2_fla.bigpresetpreview_488"
24209;"GL2_fla.presetpp_486"
24199;"GL2_fla.copycoloros_487"
24190;"GL2_fla.presetcatenames_485"
24168;"GL2_fla.undobuton_480"
24157;"GL2_fla.zoomfeature_477"
24155;"GL2_fla.selectzoom_479"
24144;"GL2_fla.backarrowui_478"
24137;"GL2_fla.pageopen_469"
24136;"GL2_fla.selectionpage_476"
24117;"GL2_fla.botbarcustin_473"
24112;"GL2_fla.mainclosebt_472"
24099;"GL2_fla.watchuppop_464"
24083;"GL2_fla.blockmmove_463"
24081;"GL2_fla.blocokheom_462"
24078;"GL2_fla.partychoosehome_455"
24077;"GL2_fla.linkpopup_461"
24046;"GL2_fla.claimchanges_459"
24038;"GL2_fla.circleava_458"
24018;"GL2_fla.homebottombar_451"
24017;"GL2_fla.bgbotbarr_452"
23955;"GL2_fla.charslotshome_418"
23952;"GL2_fla.anibtt_449"
23927;"GL2_fla.iconc8_440"
23896;"GL2_fla.iconc7_439"
23867;"GL2_fla.iconc6_438"
23836;"GL2_fla.iconc5_437"
23831;"GL2_fla.iconc4_436"
23800;"GL2_fla.iconc3_435"
23751;"GL2_fla.customcharbox_422"
23545;"GL2_fla.charslotspanel_419"
23516;"GL2_fla.myroombg_94"
23515;"GL2_fla.gradientsx_105"
23507;"GL2_fla.allbgsfull_95"
23243;"GL2_fla.starsbg_96"
25576;"GL2_fla.updatedatax_686"
25556;"GL2_fla.visitopen_678"
25508;"GL2_fla.updatedatabt_673"
25642;"GL2_fla.helpguidegacha_698"
25629;"GL2_fla.notenoughgems_696"
25628;"GL2_fla.notenoughsx_697"
25624;"GL2_fla.gachascreen_689"
25611;"GL2_fla.buttonsummon_694"
25591;"GL2_fla.staricon_693"
25656;"GL2_fla.allcollectbox_699"
25651;"GL2_fla.btscloll_702"
25710;"GL2_fla.displaygachachar_715"
25709;"GL2_fla.gacharesultplay_718"
25696;"GL2_fla.bottomgachax_711"
25695;"GL2_fla.returngachabt_714"
25684;"GL2_fla.gacharesultx_706"
25683;"GL2_fla.talismanga_710"
25670;"GL2_fla.newwshoww_708"
25752;"GL2_fla.selectedpagerfeat_729"
25751;"GL2_fla.tittlefeatued_728"
25736;"GL2_fla.featuredinfo_723"
26050;"GL2_fla.chatcharmode_800"
26034;"GL2_fla.facestudiob_775"
26019;"GL2_fla.faceitemsm_776"
25995;"GL2_fla.textmodep_768"
25982;"GL2_fla.exttoutline_773"
25975;"GL2_fla.texttgrad_772"
25969;"GL2_fla.textbasee_771"
25957;"GL2_fla.moviemodeedi_767"
25953;"GL2_fla.propspage_766"
25947;"GL2_fla.posespickpage_762"
25944;"GL2_fla.deafultl_764"
25938;"GL2_fla.returntostudio_763"
25930;"GL2_fla.studioadjuster_756"
25929;"GL2_fla.adjustblocker_761"
25923;"GL2_fla.movementstu_757"
25916;"GL2_fla.blockerstudio_755"
25914;"GL2_fla.bgopens_743"
25816;"GL2_fla.openstudiosec_735"
25805;"GL2_fla.lockksfe_741"
25780;"GL2_fla.studiodownui_731"
25771;"GL2_fla.greenlighon_733"
